Commit_Tstamp,Commit_Msg,100K,1M,10M,100M,1B
2020-07-27 09:59:57,Initial Benchmark test,108.41328125,141.1106085526316
