Commit_Tstamp,Commit_Msg,100K,1M,10M,100M,1B
2020-07-27 09:59:57,Initial Benchmark test,0.008078319999999906,0.04794598000000292
